{"resCode":0,"resultJsonStr":[],"resDesc":"检测无异常...","transferTime":-0.002498149871826172,"resTimestamp":1698332817.728663}