{"resCode":0,"resultJsonStr":[],"resDesc":"检测无异常...","transferTime":0.0011782646179199219,"resTimestamp":1698333117.9315085}