{"resCode":0,"resultJsonStr":[],"resDesc":"检测无异常...","transferTime":0.03361368179321289,"resTimestamp":1698332517.9583313}