{"resCode":0,"resultJsonStr":[],"resDesc":"检测无异常...","transferTime":0.23563647270202637,"resTimestamp":1698333118.245974}