{"resCode":0,"resultJsonStr":[],"resDesc":"检测无异常...","transferTime":-0.04688882827758789,"resTimestamp":1698333732.8849995}