{"resCode":0,"resultJsonStr":[],"resDesc":"检测无异常...","transferTime":-0.09116196632385254,"resTimestamp":1698332818.266528}