{"resCode":0,"resultJsonStr":[],"resDesc":"检测无异常...","transferTime":0.029889822006225586,"resTimestamp":1698333717.7183836}