{"resCode":0,"resultJsonStr":[],"resDesc":"检测无异常...","transferTime":-0.0551762580871582,"resTimestamp":1698333417.908043}