{"resCode":0,"resultJsonStr":[],"resDesc":"检测无异常...","transferTime":0.09828877449035645,"resTimestamp":1698332217.9287927}