{"resCode":0,"resultJsonStr":[],"resDesc":"检测无异常...","transferTime":-0.0031185150146484375,"resTimestamp":1698332817.6579401}