{"resCode":0,"resultJsonStr":[],"resDesc":"检测无异常...","transferTime":0.05183005332946777,"resTimestamp":1698333717.8532948}