{"resCode":0,"resultJsonStr":[],"resDesc":"检测无异常...","transferTime":0.3379693031311035,"resTimestamp":1698333718.1028183}