{"resCode":0,"resultJsonStr":[],"resDesc":"检测无异常...","transferTime":0.05130934715270996,"resTimestamp":1698332518.0896924}