{"resCode":0,"resultJsonStr":[],"resDesc":"检测无异常...","transferTime":-0.09128093719482422,"resTimestamp":1698333418.2566552}