{"resCode":0,"resultJsonStr":[],"resDesc":"检测无异常...","transferTime":0.06794309616088867,"resTimestamp":1698332217.8529463}