{"resCode":0,"resultJsonStr":[],"resDesc":"检测无异常...","transferTime":0.08683896064758301,"resTimestamp":1698333418.0331805}