{"resCode":0,"resultJsonStr":[],"resDesc":"检测无异常...","transferTime":0.2786729335784912,"resTimestamp":1698333118.1807349}