{"resCode":0,"resultJsonStr":[],"resDesc":"检测无异常...","transferTime":-0.04914212226867676,"resTimestamp":1698332818.1508338}