{"resCode":0,"resultJsonStr":[],"resDesc":"检测无异常...","transferTime":-0.09183716773986816,"resTimestamp":1698333117.6545584}