{"resCode":0,"resultJsonStr":[],"resDesc":"检测无异常...","transferTime":0.09775829315185547,"resTimestamp":1698333717.786452}