{"resCode":0,"resultJsonStr":[],"resDesc":"检测无异常...","transferTime":0.2250981330871582,"resTimestamp":1698332218.1823516}