{"resCode":0,"resultJsonStr":[],"resDesc":"检测无异常...","transferTime":0.026271820068359375,"resTimestamp":1698333117.8697677}