{"resCode":0,"resultJsonStr":[],"resDesc":"检测无异常...","transferTime":-0.09120345115661621,"resTimestamp":1698333417.6995625}