{"resCode":0,"resultJsonStr":[],"resDesc":"检测无异常...","transferTime":0.04445505142211914,"resTimestamp":1698332217.99237}