{"resCode":0,"resultJsonStr":[],"resDesc":"检测无异常...","transferTime":0.08160591125488281,"resTimestamp":1698333717.9776282}