{"resCode":0,"resultJsonStr":[],"resDesc":"检测无异常...","transferTime":-0.002727031707763672,"resTimestamp":1698333417.9705613}