{"resCode":0,"resultJsonStr":[],"resDesc":"检测无异常...","transferTime":0.15457749366760254,"resTimestamp":1698334018.1169372}