{"resCode":0,"resultJsonStr":[],"resDesc":"检测无异常...","transferTime":0.0018892288208007812,"resTimestamp":1698332517.7416193}