{"resCode":0,"resultJsonStr":[],"resDesc":"检测无异常...","transferTime":0.06044936180114746,"resTimestamp":1698334017.7867005}