{"resCode":0,"resultJsonStr":[],"resDesc":"检测无异常...","transferTime":0.10971713066101074,"resTimestamp":1698332218.0566838}