{"resCode":0,"resultJsonStr":[],"resDesc":"检测无异常...","transferTime":0.10453987121582031,"resTimestamp":1698333117.9931986}