{"resCode":0,"resultJsonStr":[],"resDesc":"检测无异常...","transferTime":-0.07435035705566406,"resTimestamp":1698333418.3204155}