{"resCode":0,"resultJsonStr":[],"resDesc":"检测无异常...","transferTime":0.22334718704223633,"resTimestamp":1698333118.1182218}