{"resCode":0,"resultJsonStr":[],"resDesc":"检测无异常...","transferTime":-0.09217524528503418,"resTimestamp":1698332818.0874178}