{"resCode":0,"resultJsonStr":[],"resDesc":"检测无异常...","transferTime":-0.08699369430541992,"resTimestamp":1698332817.8546877}