{"resCode":0,"resultJsonStr":[],"resDesc":"检测无异常...","transferTime":-0.045252323150634766,"resTimestamp":1698332817.9176662}