{"resCode":0,"resultJsonStr":[],"resDesc":"检测无异常...","transferTime":0.05705833435058594,"resTimestamp":1698334017.7251315}