{"resCode":0,"resultJsonStr":[],"resDesc":"检测无异常...","transferTime":-0.09093475341796875,"resTimestamp":1698332817.5845704}