{"resCode":0,"resultJsonStr":[],"resDesc":"检测无异常...","transferTime":0.15799880027770996,"resTimestamp":1698332218.1204474}