{"resCode":0,"resultJsonStr":[],"resDesc":"检测无异常...","transferTime":0.17846274375915527,"resTimestamp":1698334018.2414956}