{"resCode":0,"resultJsonStr":[],"resDesc":"检测无异常...","transferTime":-0.013626337051391602,"resTimestamp":1698332518.1547518}