{"resCode":0,"resultJsonStr":[],"resDesc":"检测无异常...","transferTime":0.0014312267303466797,"resTimestamp":1698332517.8164759}