{"resCode":0,"resultJsonStr":[],"resDesc":"检测无异常...","transferTime":-0.02808070182800293,"resTimestamp":1698333117.72962}