{"resCode":0,"resultJsonStr":[],"resDesc":"检测无异常...","transferTime":0.01483464241027832,"resTimestamp":1698332817.9791524}