{"resCode":0,"resultJsonStr":[],"resDesc":"检测无异常...","transferTime":-0.08817386627197266,"resTimestamp":1698332517.6620622}