{"resCode":0,"resultJsonStr":[],"resDesc":"检测无异常...","transferTime":0.2385094165802002,"resTimestamp":1698334018.3032131}