{"resCode":0,"resultJsonStr":[],"resDesc":"检测无异常...","transferTime":0.0013391971588134766,"resTimestamp":1698332217.717045}