{"resCode":0,"resultJsonStr":[],"resDesc":"检测无异常...","transferTime":-0.06289267539978027,"resTimestamp":1698333417.773063}