{"resCode":0,"resultJsonStr":[],"resDesc":"检测无异常...","transferTime":-0.09149742126464844,"resTimestamp":1698331917.6161797}