{"resCode":0,"resultJsonStr":[],"resDesc":"检测无异常...","transferTime":0.09200072288513184,"resTimestamp":1698332518.0237145}