{"resCode":0,"resultJsonStr":[],"resDesc":"检测无异常...","transferTime":0.05931496620178223,"resTimestamp":1698331917.8306646}