{"resCode":0,"resultJsonStr":[],"resDesc":"检测无异常...","transferTime":0.2708423137664795,"resTimestamp":1698333718.1657674}