{"resCode":0,"resultJsonStr":[],"resDesc":"检测无异常...","transferTime":-0.049332618713378906,"resTimestamp":1698333717.6444657}