{"resCode":0,"resultJsonStr":[],"resDesc":"检测无异常...","transferTime":0.05057263374328613,"resTimestamp":1698332517.8930376}