{"resCode":0,"resultJsonStr":[],"resDesc":"检测无异常...","transferTime":0.046721458435058594,"resTimestamp":1698332217.7882657}