{"resCode":0,"resultJsonStr":[],"resDesc":"检测无异常...","transferTime":-0.015951156616210938,"resTimestamp":1698334017.9270453}