{"resCode":0,"resultJsonStr":[],"resDesc":"检测无异常...","transferTime":-0.001997709274291992,"resTimestamp":1698333117.8017662}