{"resCode":0,"resultJsonStr":[],"resDesc":"检测无异常...","transferTime":0.2212831974029541,"resTimestamp":1698332218.2490761}