{"resCode":0,"resultJsonStr":[],"resDesc":"检测无异常...","transferTime":-0.0882117748260498,"resTimestamp":1698332518.3484962}