{"resCode":0,"resultJsonStr":[],"resDesc":"检测无异常...","transferTime":0.033211469650268555,"resTimestamp":1698333418.0967414}