{"resCode":0,"resultJsonStr":[],"resDesc":"检测无异常...","transferTime":0.17520809173583984,"resTimestamp":1698333118.0563529}