{"resCode":0,"resultJsonStr":[],"resDesc":"检测无异常...","transferTime":0.05279231071472168,"resTimestamp":1698332817.7911985}