{"resCode":0,"resultJsonStr":[],"resDesc":"检测无异常...","transferTime":0.0768744945526123,"resTimestamp":1698333418.1587982}