{"resCode":0,"resultJsonStr":[],"resDesc":"检测无异常...","transferTime":0.02106451988220215,"resTimestamp":1698332518.2233741}