{"resCode":0,"resultJsonStr":[],"resDesc":"检测无异常...","transferTime":-0.08473014831542969,"resTimestamp":1698332217.63679}