{"resCode":0,"resultJsonStr":[],"resDesc":"检测无异常...","transferTime":0.03359866142272949,"resTimestamp":1698333717.915559}