{"resCode":0,"resultJsonStr":[],"resDesc":"检测无异常...","transferTime":0.15011096000671387,"resTimestamp":1698334018.179169}