{"resCode":0,"resultJsonStr":[],"resDesc":"检测无异常...","transferTime":0.1510601043701172,"resTimestamp":1698333718.039919}