{"resCode":0,"resultJsonStr":[],"resDesc":"检测无异常...","transferTime":0.11193275451660156,"resTimestamp":1698334018.056175}