{"resCode":0,"resultJsonStr":[],"resDesc":"检测无异常...","transferTime":-0.08755183219909668,"resTimestamp":1698333417.8428566}